time,latitude,longitude,depth,mag,magType,nst,gap,dmin,rms,net,id,updated,place,type,horizontalError,depthError,magError,magNst,status,locationSource,magSource
2020-11-16T16:58:06.640Z,19.2805004119873,-155.373992919922,32.8699989318848,1.94,ml,28,148,,0.230000004,hv,hv72232032,2020-11-16T17:03:39.550Z,"13 km NE of Pāhala, Hawaii",earthquake,0.79,1.15999997,3.61,6,automatic,hv,hv
2020-11-16T16:56:46.680Z,19.2189998626709,-155.38883972168,32.310001373291,2.03,ml,46,160,,0.129999995,hv,hv72232027,2020-11-16T17:02:15.870Z,"9 km E of Pāhala, Hawaii",earthquake,0.55,0.620000005,1.39,3,automatic,hv,hv
2020-11-16T16:45:30.600Z,38.2123,-117.8072,0.4,1.4,ml,11,179.08,0.069,0.12,nn,nn00784645,2020-11-16T16:50:40.853Z,"32 km SE of Mina, Nevada",earthquake,,11.4,,,automatic,nn,nn
2020-11-16T16:43:09.460Z,19.1760005950928,-155.479339599609,33.8899993896484,2.16,ml,48,82,,0.129999995,hv,hv72232012,2020-11-16T16:48:39.290Z,"2 km S of Pāhala, Hawaii",earthquake,0.58,0.689999998,2.26,15,automatic,hv,hv
2020-11-16T16:35:36.832Z,60.0326,-152.8422,104.7,1.1,ml,,,,0.37,ak,ak020er58x3n,2020-11-16T16:44:46.492Z,"62 km W of Happy Valley, Alaska",earthquake,,0.7,,,automatic,ak,ak
2020-11-16T16:34:15.330Z,19.4653339385986,-155.442672729492,7.28000020980835,1.95,ml,41,78,,0.150000006,hv,hv72232002,2020-11-16T16:41:10.510Z,"22 km W of Volcano, Hawaii",earthquake,0.37,0.779999971,0.13,4,automatic,hv,hv
2020-11-16T16:29:55.560Z,38.8370018,-122.7969971,1.67,0.89,md,14,71,0.005383,0.02,nc,nc73482981,2020-11-16T16:45:06.764Z,"7km WNW of Cobb, CA",earthquake,0.25,0.61,,1,automatic,nc,nc
2020-11-16T16:21:20.307Z,63.0346,-150.9781,129.2,2,ml,,,,0.41,ak,ak020er55vry,2020-11-16T16:34:29.709Z,"60 km N of Petersville, Alaska",earthquake,,0.6,,,automatic,ak,ak
2020-11-16T16:21:13.400Z,38.1948,-118.0005,2.1,1.3,ml,10,122.15,0.026,0.05,nn,nn00784639,2020-11-16T16:39:41.319Z,"23 km SSE of Mina, Nevada",earthquake,,2.9,,,automatic,nn,nn
2020-11-16T16:17:23.130Z,35.6175,-117.423,11.59,1.05,ml,16,125,0.1039,0.18,ci,ci39467159,2020-11-16T16:20:53.109Z,"17km S of Searles Valley, CA",earthquake,0.5,1.35,0.118,13,automatic,ci,ci
2020-11-16T16:09:54.710Z,38.8224983,-122.8016663,4.42,1.14,md,15,61,0.006628,0.08,nc,nc73482976,2020-11-16T16:30:04.668Z,"6km NW of The Geysers, CA",earthquake,0.44,1.08,0.59,2,automatic,nc,nc
2020-11-16T16:04:54.340Z,34.5558333,-117.0485,18.56,1.49,ml,15,223,0.2763,0.26,ci,ci39467143,2020-11-16T16:08:38.019Z,"14km ENE of Apple Valley, CA",earthquake,2.02,1.5,0.378,28,automatic,ci,ci
2020-11-16T15:57:45.490Z,17.9175,-66.9826,11,2.26,md,7,240,0.0806,0.05,pr,pr2020321010,2020-11-16T16:09:17.819Z,"9 km SE of La Parguera, Puerto Rico",earthquake,0.92,0.54,0.2,4,reviewed,pr,pr
2020-11-16T15:47:45.240Z,61.5842,-151.1869,63.3,1.9,ml,,,,0.49,ak,ak020er4q2po,2020-11-16T16:09:47.981Z,"36 km W of Susitna, Alaska",earthquake,,0.7,,,automatic,ak,ak
2020-11-16T15:23:47.918Z,62.1957,-151.1938,72.9,1.4,ml,,,,0.23,ak,ak020er4kxrj,2020-11-16T15:31:03.250Z,"25 km NNE of Skwentna, Alaska",earthquake,,1,,,automatic,ak,ak
2020-11-16T15:22:35.650Z,17.803,-66.8885,6,1.49,md,3,350,0.2279,0.18,pr,pr2020321009,2020-11-16T15:32:07.360Z,"18 km S of Guánica, Puerto Rico",earthquake,5.05,0.94,0,3,reviewed,pr,pr
2020-11-16T15:14:02.710Z,38.1698,-117.8483,6.6,1.3,ml,18,68.79,0.014,0.08,nn,nn00784636,2020-11-16T15:21:02.338Z,"33 km SE of Mina, Nevada",earthquake,,0.4,,,automatic,nn,nn
2020-11-16T15:12:50.110Z,35.8905,-117.7271667,7.77,1.15,ml,19,59,0.08465,0.13,ci,ci39467103,2020-11-16T15:16:30.652Z,"17km ESE of Little Lake, CA",earthquake,0.24,0.68,0.122,18,automatic,ci,ci
2020-11-16T15:12:15.710Z,17.9376,-66.8876,13,2.28,md,7,218,0.0384,0.19,pr,pr2020321008,2020-11-16T15:22:19.403Z,"4 km SSE of Guánica, Puerto Rico",earthquake,1.01,0.63,0.01,4,reviewed,pr,pr
2020-11-16T15:10:54.630Z,35.6868333,-117.5403333,6.82,0.89,ml,9,156,0.1368,0.12,ci,ci39467095,2020-11-16T15:14:38.859Z,"14km ENE of Ridgecrest, CA",earthquake,0.46,1.02,0.165,11,automatic,ci,ci
2020-11-16T15:09:55.910Z,35.7265,-117.5275,8.53,1.02,ml,11,140,0.1057,0.16,ci,ci39467087,2020-11-16T15:30:33.900Z,"12km WSW of Searles Valley, CA",earthquake,0.53,1.4,0.095,10,reviewed,ci,ci
2020-11-16T15:08:13.224Z,27.6415,129.8939,10,5,mb,,82,1.651,0.77,us,us7000cfnl,2020-11-16T16:01:10.477Z,"89 km SSE of Naze, Japan",earthquake,6,1.9,0.052,118,reviewed,us,us
2020-11-16T15:03:06.430Z,38.168,-117.873,7.1,1.2,ml,14,107.66,0.014,0.07,nn,nn00784633,2020-11-16T15:15:01.348Z,"32 km SE of Mina, Nevada",earthquake,,1.1,,,automatic,nn,nn
2020-11-16T14:58:53.820Z,38.179,-117.7958,6.7,1.3,ml,15,86.45,0.037,0.25,nn,nn00784631,2020-11-16T15:03:21.628Z,"36 km SE of Mina, Nevada",earthquake,,0.8,,,automatic,nn,nn
2020-11-16T14:56:00.520Z,37.3651667,-119.015,2.41,1.05,md,7,184,0.1316,0.08,nc,nc73482966,2020-11-16T16:19:05.594Z,"30km S of Mammoth Lakes, CA",earthquake,0.59,31.61,0.099,7,reviewed,nc,nc
2020-11-16T14:51:54.510Z,38.1983,-117.7388,11.2,1.6,ml,23,143.05,0.12,0.1,nn,nn00784628,2020-11-16T14:59:46.748Z,"38 km ESE of Mina, Nevada",earthquake,,1.3,,,automatic,nn,nn
2020-11-16T14:48:57.320Z,63.6281,-148.5778,6.7,1.3,ml,,,,0.38,ak,ak020er44vs4,2020-11-16T15:20:51.992Z,"20 km SE of McKinley Park, Alaska",earthquake,,0.3,,,automatic,ak,ak
2020-11-16T14:39:34.470Z,38.166,-117.8763,7,0.9,ml,10,105.86,0.011,0.04,nn,nn00784625,2020-11-16T14:43:40.545Z,"32 km SE of Mina, Nevada",earthquake,,4.9,,,automatic,nn,nn
2020-11-16T14:39:30.202Z,62.4145,-149.5202,27.6,1.3,ml,,,,0.74,ak,ak020er42w9k,2020-11-16T14:45:27.678Z,"30 km E of Chase, Alaska",earthquake,,0.4,,,automatic,ak,ak
2020-11-16T14:37:23.620Z,19.2043342590332,-155.45783996582,35.3199996948242,2.33,ml,50,115,,0.119999997,hv,hv72231872,2020-11-16T15:00:33.040Z,"2 km E of Pāhala, Hawaii",earthquake,0.57,0.699999988,1.71,27,automatic,hv,hv
2020-11-16T14:32:31.002Z,63.3878,-147.3114,10.2,1.3,ml,,,,0.94,ak,ak020er41eae,2020-11-16T14:37:36.560Z,"81 km E of Cantwell, Alaska",earthquake,,0.4,,,automatic,ak,ak
2020-11-16T14:22:46.783Z,-32.4386,-71.4912,67.98,4.2,mwr,,164,0.589,0.3,us,us7000cfna,2020-11-16T16:31:10.960Z,"24 km W of La Ligua, Chile",earthquake,6.3,9.1,,,reviewed,us,guc
2020-11-16T14:20:00.660Z,35.891,-117.7205,9.21,0.83,ml,10,103,0.0804,0.07,ci,ci39467055,2020-11-16T14:34:21.577Z,"18km ESE of Little Lake, CA",earthquake,0.26,0.63,0.309,9,reviewed,ci,ci
2020-11-16T14:13:48.930Z,38.2067,-117.7827,10.5,1.1,ml,11,133.96,0.03,0.21,nn,nn00784619,2020-11-16T14:17:20.968Z,"35 km SE of Mina, Nevada",earthquake,,2.8,,,automatic,nn,nn
2020-11-16T13:59:20.585Z,4.7095,-76.4865,62.89,4.8,mb,,95,1.753,0.79,us,us7000cfn8,2020-11-16T14:49:22.374Z,"18 km ENE of Sipí, Colombia",earthquake,7.1,8.6,0.088,42,reviewed,us,us
2020-11-16T13:52:23.067Z,38.1873,-117.7507,10.8,3.2,ml,33,57.96,0.04,0.1599,nn,nn00784615,2020-11-16T15:39:46.040Z,"38 km SE of Mina, Nevada",earthquake,,0.6,0.36,16,reviewed,nn,nn
2020-11-16T13:48:25.995Z,0.3757,126.3594,41.72,4.6,mb,,75,1.081,0.55,us,us7000cfn7,2020-11-16T14:44:23.040Z,"122 km WSW of Ternate, Indonesia",earthquake,7.7,7.6,0.112,24,reviewed,us,us
2020-11-16T13:43:02.960Z,35.8951667,-117.7205,8.06,0.82,ml,13,99,0.07751,0.15,ci,ci39467015,2020-11-16T14:34:55.250Z,"17km ESE of Little Lake, CA",earthquake,0.42,1,0.156,13,reviewed,ci,ci
2020-11-16T13:42:16.901Z,-10.9304,164.423,10,5.1,mb,,85,4.648,0.61,us,us7000cfn9,2020-11-16T14:33:58.040Z,"151 km W of Lata, Solomon Islands",earthquake,10.2,1.8,0.058,97,reviewed,us,us
2020-11-16T13:41:10.670Z,19.2136669158936,-155.391006469727,30.8299999237061,1.96,ml,44,163,,0.140000001,hv,hv72231792,2020-11-16T13:46:40.450Z,"9 km E of Pāhala, Hawaii",earthquake,0.58,0.800000012,0.31,7,automatic,hv,hv
2020-11-16T13:40:51.250Z,19.2136669158936,-155.391494750977,32.9199981689453,2.15,ml,45,163,,0.129999995,hv,hv72231787,2020-11-16T13:46:21.830Z,"9 km E of Pāhala, Hawaii",earthquake,0.59,0.779999971,3.41,7,automatic,hv,hv
2020-11-16T13:39:39.810Z,33.1458333,-115.9883333,3.31,0.94,ml,28,53,0.142,0.25,ci,ci39467007,2020-11-16T13:43:30.790Z,"13km E of Ocotillo Wells, CA",earthquake,0.43,2,0.125,17,automatic,ci,ci
2020-11-16T13:38:04.830Z,32.7425003,-115.8251648,7.83,1.39,ml,15,101,0.1248,0.2,ci,ci39466999,2020-11-16T13:41:52.990Z,"16km E of Ocotillo, CA",earthquake,0.42,1.33,0.365,6,automatic,ci,ci
2020-11-16T13:35:53.730Z,19.2220001220703,-155.393173217773,32.5299987792969,2.18,ml,49,156,,0.129999995,hv,hv72231782,2020-11-16T13:47:35.071Z,"9 km ENE of Pāhala, Hawaii",earthquake,0.62,0.819999993,4.04,5,automatic,hv,hv
2020-11-16T13:31:56.670Z,19.2211666107178,-155.394332885742,3.74000000953674,2.97,ml,23,192,,0.289999992,hv,hv72231772,2020-11-16T13:56:42.676Z,"9 km ENE of Pāhala, Hawaii",earthquake,1.68,2.04999995,2.45,13,automatic,hv,hv
2020-11-16T13:31:50.520Z,19.2278333333333,-155.3895,31.88,3.05,md,56,153,,0.11,hv,hv72231777,2020-11-16T16:13:56.445Z,"9 km ENE of Pāhala, Hawaii",earthquake,0.5,0.51,0.140225854086137,24,reviewed,hv,hv
2020-11-16T13:29:50.960Z,34.0405,-117.2365,14.8,1.21,ml,38,49,0.1323,0.22,ci,ci39466983,2020-11-16T14:35:39.500Z,"2km ESE of Loma Linda, CA",earthquake,0.28,0.58,0.145,27,reviewed,ci,ci
2020-11-16T13:19:36.140Z,38.7879982,-122.7591629,1.62,1.68,md,30,67,0.01262,0.05,nc,nc73482951,2020-11-16T13:34:06.661Z,"1km NNW of The Geysers, CA",earthquake,0.23,0.37,0.08,9,automatic,nc,nc
2020-11-16T13:17:14.490Z,38.1602,-117.9065,6.5,0.6,ml,11,107.32,0.006,0.04,nn,nn00784613,2020-11-16T13:47:40.332Z,"31 km SE of Mina, Nevada",earthquake,,5.1,,,automatic,nn,nn
2020-11-16T13:14:58.570Z,38.1685,-117.883,4.7,0.6,ml,11,103.15,0.005,0.05,nn,nn00784611,2020-11-16T13:19:00.264Z,"31 km SE of Mina, Nevada",earthquake,,5.8,,,automatic,nn,nn
2020-11-16T12:56:22.900Z,19.2066669464111,-155.457168579102,35.3600006103516,2.38,ml,52,115,,0.119999997,hv,hv72231737,2020-11-16T13:01:52.910Z,"2 km E of Pāhala, Hawaii",earthquake,0.52,0.680000007,2.22,17,automatic,hv,hv
2020-11-16T12:52:18.560Z,17.9601,-66.9838,8,2.23,md,6,199,0.0611,0.11,pr,pr2020321007,2020-11-16T13:06:48.297Z,"6 km ESE of La Parguera, Puerto Rico",earthquake,0.63,0.95,0.31,3,reviewed,pr,pr
2020-11-16T12:46:46.110Z,38.1252,-117.766,13.1,0.9,ml,10,213.65,0.047,0.07,nn,nn00784609,2020-11-16T13:04:39.872Z,"42 km SE of Mina, Nevada",earthquake,,4.8,,,automatic,nn,nn
2020-11-16T12:38:24.250Z,38.8058319,-122.795166,1.25,0.87,md,10,93,0.002136,0.02,nc,nc73482941,2020-11-16T12:53:06.388Z,"5km NW of The Geysers, CA",earthquake,0.31,0.59,,1,automatic,nc,nc
2020-11-16T12:36:51.920Z,35.7573333,-117.5585,10.97,1.36,ml,16,97,0.06635,0.15,ci,ci39466967,2020-11-16T14:35:34.689Z,"14km W of Searles Valley, CA",earthquake,0.33,0.52,0.23,21,reviewed,ci,ci
2020-11-16T12:36:11.434Z,-21.3641,170.5557,151.84,4.7,mb,,116,2.355,0.7,us,us7000cfmp,2020-11-16T13:46:13.040Z,"241 km SSE of Isangel, Vanuatu",earthquake,4,7.4,0.081,49,reviewed,us,us
2020-11-16T12:24:50.130Z,38.9876671,-123.3128357,4.85,1.69,md,10,112,0.02784,0.04,nc,nc73482931,2020-11-16T12:39:08.306Z,"5km ESE of Boonville, CA",earthquake,0.34,0.63,0.18,8,automatic,nc,nc
2020-11-16T12:22:27.350Z,17.919,-66.5431,4,2.25,md,9,199,0.139,0.27,pr,pr2020321006,2020-11-16T12:36:00.457Z,"9 km SSW of Potala Pastillo, Puerto Rico",earthquake,0.71,0.85,0.13,6,reviewed,pr,pr
2020-11-16T12:10:27.870Z,35.9336662,-119.8841629,25.65,2.22,md,6,175,0.264,0.01,nc,nc73482926,2020-11-16T16:39:06.726Z,"11km SE of Kettleman City, CA",earthquake,0.6,0.87,0.2,4,automatic,nc,nc
2020-11-16T12:09:07.830Z,35.8935,-117.7186667,9.58,1.07,ml,16,80,0.07758,0.12,ci,ci39466959,2020-11-16T14:35:56.447Z,"18km ESE of Little Lake, CA",earthquake,0.27,0.78,0.183,16,reviewed,ci,ci
2020-11-16T12:08:32.720Z,37.9088,-117.6072,26.3,1.1,ml,8,194.43,0.408,0.07,nn,nn00784607,2020-11-16T12:17:40.403Z,"17 km N of Silver Peak, Nevada",earthquake,,8.4,,,automatic,nn,nn
2020-11-16T12:05:28.039Z,41.8181,-126.0526,10,3.7,mb,,182,1.626,0.63,us,us7000cflt,2020-11-16T14:31:19.040Z,"146 km WSW of Pistol River, Oregon",earthquake,7.1,2,0.151,11,reviewed,us,us
2020-11-16T12:01:03.662Z,64.5354,-147.8117,10.2,1.3,ml,,,,0.47,ak,ak020er2ntrv,2020-11-16T12:14:00.963Z,"30 km S of South Van Horn, Alaska",earthquake,,0.5,,,automatic,ak,ak
2020-11-16T11:59:56.770Z,38.1872,-117.833,9.7,1.4,ml,9,160.43,0.059,0.06,nn,nn00784606,2020-11-16T12:09:40.123Z,"33 km SE of Mina, Nevada",earthquake,,1,,,automatic,nn,nn
2020-11-16T11:50:07.610Z,35.8921667,-117.7236667,8.41,0.54,ml,13,78,0.08144,0.1,ci,ci39466951,2020-11-16T14:36:00.356Z,"17km ESE of Little Lake, CA",earthquake,0.26,0.71,0.174,7,reviewed,ci,ci
2020-11-16T11:44:51.920Z,38.8308334,-122.8141632,1.57,1.01,md,15,63,0.008085,0.01,nc,nc73482911,2020-11-16T11:59:05.076Z,"8km NW of The Geysers, CA",earthquake,0.25,0.53,,1,automatic,nc,nc
2020-11-16T11:40:55.150Z,38.1708,-117.856,6.6,0.6,ml,10,101.88,0.029,0.01,nn,nn00784603,2020-11-16T11:49:20.104Z,"32 km SE of Mina, Nevada",earthquake,,4.4,,,automatic,nn,nn
2020-11-16T11:34:29.270Z,35.8876667,-118.0716667,10.05,0.81,ml,14,97,0.1419,0.1,ci,ci39466943,2020-11-16T14:36:17.495Z,"16km WSW of Little Lake, CA",earthquake,0.34,1.15,0.108,10,reviewed,ci,ci
2020-11-16T11:33:43.864Z,60.7092,-149.2204,22.1,1.4,ml,,,,0.52,ak,ak020er29c6q,2020-11-16T11:37:17.027Z,"22 km SSE of Sunrise, Alaska",earthquake,,0.4,,,automatic,ak,ak
2020-11-16T11:25:01.250Z,38.192,-117.7517,15.7,1,ml,18,98.66,0.028,0.13,nn,nn00784598,2020-11-16T11:36:21.604Z,"38 km SE of Mina, Nevada",earthquake,,1.3,,,automatic,nn,nn
2020-11-16T11:22:07.032Z,67.5769,-145.9281,15.8,1.4,ml,,,,0.74,ak,ak020er26w59,2020-11-16T11:30:36.163Z,"63 km SSW of Arctic Village, Alaska",earthquake,,0.4,,,automatic,ak,ak
2020-11-16T11:21:17.830Z,-62.3824,-58.4868,10,4.7,mb,,83,0.167,0.46,us,us7000cfll,2020-11-16T14:59:25.040Z,"South Shetland Islands",earthquake,3.4,1.9,0.174,11,reviewed,us,us
2020-11-16T11:21:17.423Z,60.4091,-149.6376,30.6,1.5,ml,,,,0.67,ak,ak020er26pjy,2020-11-16T11:28:55.820Z,"13 km SE of Cooper Landing, Alaska",earthquake,,0.1,,,automatic,ak,ak
2020-11-16T11:17:45.380Z,38.0762,-117.8773,24.2,0.7,ml,11,151.23,0.057,0.25,nn,nn00784596,2020-11-16T11:25:39.998Z,"40 km SSE of Mina, Nevada",earthquake,,12.6,,,automatic,nn,nn
2020-11-16T11:16:52.170Z,35.53783333,-96.76083333,7.9,1.12,ml,36,64,0.1160772217,0.14,ok,ok2020wnnh,2020-11-16T13:26:13.237Z,"8 km NW of Prague, Oklahoma",earthquake,,0.4,0.2,10,reviewed,ok,ok
2020-11-16T11:15:08.330Z,38.2075,-117.7405,10.8,1,ml,13,99.59,0.041,0.03,nn,nn00784594,2020-11-16T11:19:20.608Z,"38 km ESE of Mina, Nevada",earthquake,,4.2,,,automatic,nn,nn
2020-11-16T11:13:47.730Z,38.1605,-117.86,7,1.3,ml,10,101.54,0.006,0.06,nn,nn00784591,2020-11-16T11:17:20.568Z,"33 km SE of Mina, Nevada",earthquake,,0.8,,,automatic,nn,nn
2020-11-16T11:08:59.490Z,36.52533333,-98.99433333,8.01,1.08,ml,30,145,0.0449911712,0.11,ok,ok2020wnnb,2020-11-16T14:55:47.015Z,"9 km NNE of Quinlan, Oklahoma",earthquake,,0.4,0.2,13,reviewed,ok,ok
2020-11-16T11:08:40.190Z,38.1607,-117.8638,5.9,0.7,ml,14,109.93,0.011,0.08,nn,nn00784588,2020-11-16T11:15:00.654Z,"33 km SE of Mina, Nevada",earthquake,,0.4,,,automatic,nn,nn
2020-11-16T11:07:35.468Z,64.5701,-148.2107,12.7,0.6,ml,,,,0.32,ak,ak020er23qx6,2020-11-16T11:11:03.610Z,"32 km SSW of Ester, Alaska",earthquake,,0.5,,,automatic,ak,ak
2020-11-16T11:05:07.260Z,48.5579986572266,-122.606666564941,16.0100002288818,2.23000002,md,34,59,,0.189999998,uw,uw61701776,2020-11-16T14:44:50.040Z,"5 km N of Anacortes, Washington",earthquake,0.36,1.16999996,0.109999999,7,automatic,uw,uw
2020-11-16T10:59:53.170Z,35.8911667,-117.7243333,8.04,1.4,ml,19,80,0.08251,0.1,ci,ci39466935,2020-11-16T14:59:12.500Z,"17km ESE of Little Lake, CA",earthquake,0.23,0.6,0.171,18,reviewed,ci,ci
2020-11-16T10:58:52.490Z,35.8881667,-117.7271667,7.9,1.37,ml,18,78,0.08514,0.15,ci,ci39466927,2020-11-16T11:02:28.218Z,"17km ESE of Little Lake, CA",earthquake,0.31,0.95,0.187,13,automatic,ci,ci
2020-11-16T10:58:42.640Z,35.8905,-117.7205,9.65,1.3,ml,13,82,0.08075,0.07,ci,ci39466919,2020-11-16T14:58:39.313Z,"18km ESE of Little Lake, CA",earthquake,0.18,0.55,0.153,7,reviewed,ci,ci
2020-11-16T10:56:22.320Z,35.8881667,-117.7236667,7.67,3.59,mw,46,29,0.08421,0.17,ci,ci39466903,2020-11-16T17:04:28.701Z,"17km ESE of Little Lake, CA",earthquake,0.14,0.45,,4,reviewed,ci,ci
2020-11-16T10:51:13.060Z,36.4044991,-120.9941635,7.53,1.31,md,8,126,0.02848,0.2,nc,nc73482896,2020-11-16T11:05:04.542Z,"19km SE of Pinnacles, CA",earthquake,1.18,1.3,0.22,7,automatic,nc,nc
2020-11-16T10:45:00.240Z,38.1815,-117.9135,5.8,1.3,ml,14,119.25,0.044,0.11,nn,nn00784582,2020-11-16T10:57:21.188Z,"28 km SE of Mina, Nevada",earthquake,,0.5,,,automatic,nn,nn
2020-11-16T10:33:37.130Z,17.9463,-66.8885,9,2.34,md,15,191,0.0303,0.16,pr,pr2020321005,2020-11-16T11:20:09.985Z,"3 km SE of Guánica, Puerto Rico",earthquake,0.61,0.51,0.18,5,reviewed,pr,pr
2020-11-16T10:32:23.170Z,38.2087,-117.6592,7.4,0.7,ml,11,153,0.039,0.02,nn,nn00784581,2020-11-16T10:45:59.501Z,"40 km WNW of Tonopah, Nevada",earthquake,,8.3,,,automatic,nn,nn
2020-11-16T10:30:58.600Z,38.7478333,-122.7271652,1.82,1.18,md,10,121,0.01386,0.04,nc,nc73482891,2020-11-16T10:45:08.552Z,"4km SE of The Geysers, CA",earthquake,0.37,0.48,0.13,5,automatic,nc,nc
2020-11-16T10:24:23.580Z,38.1893,-117.7693,10.6,1.7,ml,24,120.17,0.093,0.08,nn,nn00784578,2020-11-16T10:34:22.567Z,"37 km SE of Mina, Nevada",earthquake,,1.1,,,automatic,nn,nn
2020-11-16T10:23:04.090Z,38.1933,-117.718,1.1,0.9,ml,10,165.15,0.111,0.34,nn,nn00784576,2020-11-16T10:26:19.147Z,"40 km ESE of Mina, Nevada",earthquake,,16.6,,,automatic,nn,nn
2020-11-16T10:19:29.610Z,34.0411667,-117.2353333,16.09,1.85,ml,77,49,0.08508,0.15,ci,ci39466895,2020-11-16T15:41:56.314Z,"2km ESE of Loma Linda, CA",earthquake,0.17,0.36,0.153,23,automatic,ci,ci
2020-11-16T10:16:37.320Z,38.2208,-117.7375,11.2,0.4,ml,9,152.62,0.038,0.03,nn,nn00784575,2020-11-16T10:24:19.393Z,"37 km ESE of Mina, Nevada",earthquake,,8,,,automatic,nn,nn
2020-11-16T10:12:49.900Z,38.145,-118.017,5.6,1.5,ml,21,76.1,0.024,0.21,nn,nn00784571,2020-11-16T10:19:02.578Z,"28 km SSE of Mina, Nevada",earthquake,,0.8,,,automatic,nn,nn
2020-11-16T10:10:07.080Z,36.963,-121.411,6.42,0.73,md,8,190,0.02081,0.02,nc,nc73482881,2020-11-16T12:21:07.330Z,"13km N of Hollister, CA",earthquake,0.47,0.61,0.11,7,reviewed,nc,nc
2020-11-16T10:07:00.850Z,17.8976,-66.9856,11,2.83,md,10,256,0.0927,0.13,pr,pr2020321004,2020-11-16T11:19:37.490Z,"10 km SE of La Parguera, Puerto Rico",earthquake,0.59,0.68,0.48,5,reviewed,pr,pr
2020-11-16T10:00:04.590Z,34.0431667,-117.239,14.77,0.67,ml,21,104,0.1103,0.23,ci,ci39466871,2020-11-16T10:03:54.954Z,"2km ESE of Loma Linda, CA",earthquake,0.43,0.81,0.134,11,automatic,ci,ci
2020-11-16T09:46:24.510Z,37.5883,-117.6532,0.1,0.8,ml,13,146.19,0.226,0.02,nn,nn00784568,2020-11-16T10:13:41.115Z,"18 km S of Silver Peak, Nevada",earthquake,,4.9,,,automatic,nn,nn
2020-11-16T09:39:00.150Z,35.6051667,-117.3906667,10.33,1.52,ml,22,135,0.08283,0.19,ci,ci39466863,2020-11-16T15:00:27.034Z,"18km S of Trona, CA",earthquake,0.41,0.74,0.122,20,reviewed,ci,ci
2020-11-16T09:33:32.960Z,38.1585,-117.87,6,0.7,ml,13,93.44,0.004,0.11,nn,nn00784564,2020-11-16T09:39:59.724Z,"33 km SE of Mina, Nevada",earthquake,,0.5,,,automatic,nn,nn
2020-11-16T09:30:56.870Z,38.167,-117.8475,8,1.6,ml,26,107.52,0.024,0.07,nn,nn00784561,2020-11-16T09:35:02.609Z,"33 km SE of Mina, Nevada",earthquake,,0.6,,,automatic,nn,nn
2020-11-16T09:28:09.619Z,36.52633333,-98.9955,7.94,1.53,ml,39,145,0.04409134777,0.11,ok,ok2020wnjs,2020-11-16T14:52:39.228Z,"9 km NNE of Quinlan, Oklahoma",earthquake,,0.2,0.2,17,reviewed,ok,ok
2020-11-16T09:28:01.580Z,34.0444984,-117.2333298,15.73,3.53,ml,97,39,0.07335,0.2,ci,ci39466855,2020-11-16T16:57:16.437Z,"3km E of Loma Linda, CA",earthquake,0.27,0.53,0.273,16,reviewed,ci,ci
2020-11-16T09:24:35.200Z,38.1515,-118.145,11.9,1.5,ml,22,133.17,0.14,0.2,nn,nn00784555,2020-11-16T09:29:42.053Z,"26 km S of Mina, Nevada",earthquake,,2.3,,,automatic,nn,nn
2020-11-16T09:24:12.204Z,63.5518,-147.5484,7.2,1.3,ml,,,,0.54,ak,ak020er10h36,2020-11-16T09:29:02.390Z,"70 km ESE of McKinley Park, Alaska",earthquake,,0.4,,,automatic,ak,ak
2020-11-16T09:19:12.011Z,62.3188,-150.792,56.5,1.6,ml,,,,0.65,ak,ak020er0zehm,2020-11-16T09:32:42.922Z,"19 km S of Petersville, Alaska",earthquake,,1.7,,,automatic,ak,ak
2020-11-16T09:17:51.730Z,38.1965,-117.7645,9.1,1.3,ml,20,85.21,0.024,0.09,nn,nn00784551,2020-11-16T09:25:41.279Z,"37 km SE of Mina, Nevada",earthquake,,1.6,,,automatic,nn,nn
2020-11-16T09:14:07.230Z,19.1963329315186,-155.370330810547,32.5699996948242,2.06999993,md,50,175,,0.119999997,hv,hv72231432,2020-11-16T09:17:35.630Z,"11 km E of Pāhala, Hawaii",earthquake,0.59,0.860000014,1.04999995,20,automatic,hv,hv
2020-11-16T09:05:27.370Z,38.8325005,-122.8181686,1.62,1.19,md,27,49,0.01107,0.04,nc,nc73482866,2020-11-16T11:22:07.073Z,"8km NW of The Geysers, CA",earthquake,0.18,0.36,0.11,5,automatic,nc,nc
2020-11-16T08:59:27.500Z,38.203,-117.7325,9.5,1.4,ml,10,122.22,0.103,0.06,nn,nn00784550,2020-11-16T09:19:07.095Z,"38 km ESE of Mina, Nevada",earthquake,,2.3,,,automatic,nn,nn
2020-11-16T08:58:02.765Z,60.7161,-150.0943,38.9,1.3,ml,,,,0.74,ak,ak020er0mb3o,2020-11-16T09:18:30.815Z,"29 km NNW of Cooper Landing, Alaska",earthquake,,0.9,,,automatic,ak,ak
2020-11-16T08:56:14.218Z,62.9209,-151.2988,117.5,1.4,ml,,,,0.33,ak,ak020er0lwjx,2020-11-16T09:01:28.406Z,"54 km NNW of Petersville, Alaska",earthquake,,2,,,automatic,ak,ak
2020-11-16T08:47:31.590Z,38.8106651,-122.7788315,0.59,0.62,md,8,150,0.002967,0.04,nc,nc73482861,2020-11-16T09:03:06.751Z,"4km NNW of The Geysers, CA",earthquake,0.58,0.71,0.35,2,automatic,nc,nc
2020-11-16T08:45:10.280Z,35.034,-84.9171667,6.56,2.5,md,17,45,0.2652,0.15,se,se60315057,2020-11-16T15:55:54.040Z,"8 km SW of Wildwood Lake, Tennessee",earthquake,0.3,3.72,0.05,11,reviewed,se,se
2020-11-16T08:44:32.870Z,35.0368333,-84.9155,5.43,1.58,md,16,45,0.266,0.12,se,se60315052,2020-11-16T13:11:09.140Z,"8 km SW of Wildwood Lake, Tennessee",earthquake,0.3,2.06,0.263,8,reviewed,se,se
2020-11-16T08:43:56.620Z,38.196,-117.7443,12.4,2,ml,21,72.61,0.027,0.09,nn,nn00784545,2020-11-16T09:01:03.134Z,"38 km SE of Mina, Nevada",earthquake,,0.9,,,automatic,nn,nn
2020-11-16T08:43:16.260Z,38.1828,-117.845,4.3,1.7,ml,18,173.06,0.013,0.24,nn,nn00784543,2020-11-16T08:46:40.845Z,"32 km SE of Mina, Nevada",earthquake,,1.5,,,automatic,nn,nn
2020-11-16T08:34:57.050Z,32.7453346,-115.8238297,8.33,1.6,ml,28,67,0.1262,0.23,ci,ci39466847,2020-11-16T08:38:32.731Z,"16km E of Ocotillo, CA",earthquake,0.35,1.39,0.355,7,automatic,ci,ci
2020-11-16T08:31:33.690Z,35.7981667,-117.6108333,7.82,0.51,ml,6,200,0.02061,0.08,ci,ci39466839,2020-11-16T08:35:05.375Z,"19km W of Searles Valley, CA",earthquake,0.66,0.71,0.13,6,automatic,ci,ci
2020-11-16T08:28:07.010Z,38.8376656,-122.783165,2.11,0.56,md,8,78,0.007227,0.01,nc,nc73482856,2020-11-16T09:47:05.019Z,"6km WNW of Cobb, CA",earthquake,0.72,1.44,,1,automatic,nc,nc
2020-11-16T08:26:19.090Z,19.1806659698486,-155.537170410156,-0.519999980926514,1.80999994,md,42,103,,0.209999993,hv,hv72231372,2020-11-16T08:29:34.820Z,"6 km WSW of Pāhala, Hawaii",earthquake,0.45,0.200000003,0.360000014,13,automatic,hv,hv
2020-11-16T08:23:58.160Z,35.9013333,-117.7191667,5.08,0.43,ml,8,99,0.07264,0.06,ci,ci39466831,2020-11-16T08:27:31.162Z,"17km ESE of Little Lake, CA",earthquake,0.24,1.02,0.069,5,automatic,ci,ci
2020-11-16T08:02:41.500Z,38.1367,-117.9972,12.6,1.4,ml,16,77.65,0.039,0.09,nn,nn00784537,2020-11-16T08:07:19.473Z,"29 km SSE of Mina, Nevada",earthquake,,0.6,,,automatic,nn,nn
2020-11-16T08:01:32.160Z,38.8338318,-122.8168335,1.32,1.02,md,14,59,0.01168,0.03,nc,nc73482851,2020-11-16T09:21:06.851Z,"8km NW of The Geysers, CA",earthquake,0.25,0.63,,1,automatic,nc,nc
2020-11-16T08:00:22.199Z,62.7826,-150.9437,97.7,1.4,ml,,,,0.39,ak,ak020er09x2j,2020-11-16T08:05:32.104Z,"33 km NNW of Petersville, Alaska",earthquake,,1.4,,,automatic,ak,ak
2020-11-16T07:55:55.736Z,60.4624,-137.2536,0,1.5,ml,,,,0.76,ak,ak020er00cfx,2020-11-16T08:02:11.431Z,"35 km SSE of Haines Junction, Canada",earthquake,,0.4,,,automatic,ak,ak
2020-11-16T07:51:06.034Z,-15.8905,-173.6473,110.34,4.6,mb,,124,4.598,0.39,us,us7000cfjw,2020-11-16T08:30:30.040Z,"17 km ENE of Hihifo, Tonga",earthquake,12.9,7.5,0.038,208,reviewed,us,us
2020-11-16T07:48:36.350Z,38.1687,-117.8908,9.8,1.8,ml,26,76.43,0.034,0.1,nn,nn00784532,2020-11-16T08:03:43.420Z,"31 km SE of Mina, Nevada",earthquake,,0.5,,,automatic,nn,nn
2020-11-16T07:46:15.010Z,38.1645,-117.846,9.6,1.1,ml,11,185.15,0.032,0.11,nn,nn00784529,2020-11-16T07:49:59.485Z,"34 km SE of Mina, Nevada",earthquake,,0.7,,,automatic,nn,nn
2020-11-16T07:46:10.230Z,17.917,-66.856,12,2.25,md,11,217,0.0626,0.13,pr,pr2020321002,2020-11-16T08:28:14.714Z,"7 km SSE of Maria Antonia, Puerto Rico",earthquake,0.77,0.53,0.13,7,reviewed,pr,pr
2020-11-16T07:41:19.720Z,38.1507,-117.9473,12.5,1.1,ml,15,114.79,0.014,0.07,nn,nn00784525,2020-11-16T07:47:39.960Z,"30 km SSE of Mina, Nevada",earthquake,,0.9,,,automatic,nn,nn
2020-11-16T07:32:12.350Z,38.8206673,-122.7851639,1.47,0.81,md,9,67,0.008183,0.01,nc,nc73482836,2020-11-16T07:33:50.096Z,"5km W of Cobb, CA",earthquake,0.38,0.77,0.07,2,automatic,nc,nc
2020-11-16T07:29:38.600Z,38.1888,-117.7478,10.4,1.5,ml,16,119.3,0.041,0.09,nn,nn00784522,2020-11-16T07:42:20.532Z,"38 km SE of Mina, Nevada",earthquake,,1.2,,,automatic,nn,nn
2020-11-16T07:19:12.690Z,38.8343315,-122.8073349,1.91,0.31,md,11,59,0.01113,0.01,nc,nc73482821,2020-11-16T07:37:05.269Z,"7km W of Cobb, CA",earthquake,0.41,0.81,0.05,2,automatic,nc,nc
2020-11-16T07:19:11.946Z,21.9599,121.4559,62.13,4.8,mb,,120,0.922,0.72,us,us7000cfjs,2020-11-16T07:38:29.040Z,"73 km E of Hengchun, Taiwan",earthquake,8,4.8,0.069,65,reviewed,us,us
2020-11-16T07:18:39.850Z,19.3566666666667,-155.108166666667,7.12,2.88,ml,35,175,,0.09,hv,hv72231287,2020-11-16T09:38:17.606Z,"12 km SSE of Fern Forest, Hawaii",earthquake,0.42,0.48,0.148644796709043,35,reviewed,hv,hv
2020-11-16T07:09:04.320Z,38.1837,-117.7508,12.5,1.6,ml,22,122.16,0.113,0.12,nn,nn00784518,2020-11-16T07:25:41.671Z,"38 km SE of Mina, Nevada",earthquake,,1.2,,,automatic,nn,nn
2020-11-16T06:56:23.886Z,38.1701,-117.8188,5.7,1.4,ml,23,56.45,0.042,0.182,nn,nn00784514,2020-11-16T08:47:31.265Z,"35 km SE of Mina, Nevada",earthquake,,1.1,0.22,10,reviewed,nn,nn
2020-11-16T06:55:34.860Z,38.1972,-117.741,11.9,1.2,ml,19,121.79,0.028,0.12,nn,nn00784512,2020-11-16T07:10:01.214Z,"38 km SE of Mina, Nevada",earthquake,,1.4,,,automatic,nn,nn
2020-11-16T06:52:14.301Z,38.165,-117.8507,6.6,1.6,ml,25,62.99,0.017,0.1326,nn,nn00784509,2020-11-16T08:28:59.566Z,"33 km SE of Mina, Nevada",earthquake,,0.8,0.16,10,reviewed,nn,nn
2020-11-16T06:51:48.753Z,38.1792,-117.7896,9.5,0.8,ml,18,112.9,0.059,0.1268,nn,nn00784511,2020-11-16T08:16:35.569Z,"36 km SE of Mina, Nevada",earthquake,,1.2,0.29,7,reviewed,nn,nn
2020-11-16T06:48:54.460Z,38.7970009,-122.7350006,0.66,0.4,md,9,101,0.01381,0.03,nc,nc73482816,2020-11-16T07:03:06.093Z,"3km NE of The Geysers, CA",earthquake,0.26,0.8,0.18,2,automatic,nc,nc
2020-11-16T06:48:49.630Z,38.1968,-117.733,9.8,1.7,ml,24,123.39,0.024,0.13,nn,nn00784505,2020-11-16T06:53:22.138Z,"39 km ESE of Mina, Nevada",earthquake,,1.8,,,automatic,nn,nn
2020-11-16T06:43:19.032Z,63.0699,-150.9273,122.5,1.9,ml,,,,0.59,ak,ak020eqzc9cw,2020-11-16T07:35:08.107Z,"64 km N of Petersville, Alaska",earthquake,,0.7,,,automatic,ak,ak
2020-11-16T06:35:38.040Z,39.1815,-123.2065,6.17,1.16,md,9,145,0.0774,0.1,nc,nc73482811,2020-11-16T12:10:06.139Z,"4km N of Ukiah, CA",earthquake,0.52,1.75,0.145,10,reviewed,nc,nc
2020-11-16T06:31:26.700Z,38.179,-117.8358,9.6,1.1,ml,12,105.24,0.021,0.26,nn,nn00784501,2020-11-16T06:34:40.023Z,"33 km SE of Mina, Nevada",earthquake,,1.7,,,automatic,nn,nn
2020-11-16T06:22:23.960Z,40.7695,-112.0751667,9.26,0.72,md,12,119,0.03674,0.09,uu,uu60418557,2020-11-16T14:54:48.840Z,"7 km NNE of Magna, Utah",earthquake,0.39,0.92,0.177,6,reviewed,uu,uu
2020-11-16T06:16:42.970Z,38.0752,-117.7915,14.8,0.4,ml,8,205.27,0.053,0.11,nn,nn00784499,2020-11-16T06:27:38.724Z,"38 km NNW of Silver Peak, Nevada",earthquake,,9.8,,,automatic,nn,nn
2020-11-16T06:06:46.270Z,17.9095,-66.8476,11,2.4,md,10,229,0.0728,0.07,pr,pr2020321003,2020-11-16T08:28:00.498Z,"8 km SSE of Maria Antonia, Puerto Rico",earthquake,1.56,1.03,0.1,6,reviewed,pr,pr
2020-11-16T05:59:44.650Z,19.3985004425049,-155.246826171875,2.46000003814697,2.09,ml,31,52,,0.170000002,hv,hv72231202,2020-11-16T06:05:14.900Z,"5 km SSW of Volcano, Hawaii",earthquake,0.28,0.310000002,0.28,13,automatic,hv,hv
2020-11-16T05:59:04.640Z,19.4004993438721,-155.259170532227,0.370000004768372,2.1,ml,7,100,,0.140000001,hv,hv72231197,2020-11-16T06:04:35.610Z,"5 km SSW of Volcano, Hawaii",earthquake,0.34,0.439999998,0.23,13,automatic,hv,hv
2020-11-16T05:50:19.420Z,19.1346664428711,-155.440505981445,33.189998626709,1.82000005,md,43,181,,0.100000001,hv,hv72231192,2020-11-16T05:53:36.210Z,"8 km SSE of Pāhala, Hawaii",earthquake,0.68,1.08000004,0.569999993,12,automatic,hv,hv
2020-11-16T05:49:19.480Z,38.3617,-118.8727,6.6,1.7,ml,21,62.95,0.312,0.13,nn,nn00784495,2020-11-16T06:06:40.832Z,"28 km SW of Hawthorne, Nevada",earthquake,,13.7,,,automatic,nn,nn
2020-11-16T05:48:57.800Z,38.8320007,-122.8068314,1.99,1.98,md,32,48,0.008959,0.03,nc,nc73482796,2020-11-16T08:03:06.397Z,"7km W of Cobb, CA",earthquake,0.19,0.3,0.15,11,automatic,nc,nc
2020-11-16T05:40:38.260Z,38.836834,-122.8311691,1.71,0.59,md,11,80,0.0038,0.01,nc,nc73482786,2020-11-16T05:42:14.267Z,"9km NW of The Geysers, CA",earthquake,0.35,0.41,0.02,2,automatic,nc,nc
2020-11-16T05:39:55.060Z,38.8358345,-122.8293304,1.84,2.43,md,26,76,0.005539,0.03,nc,nc73482771,2020-11-16T07:38:04.273Z,"9km NW of The Geysers, CA",earthquake,0.18,0.24,0.15,9,automatic,nc,nc
2020-11-16T05:39:47.720Z,38.8375015,-122.8306656,1.98,2.57,md,26,77,0.003919,0.02,nc,nc73482766,2020-11-16T07:23:05.187Z,"9km NW of The Geysers, CA",earthquake,0.19,0.33,0.16,6,automatic,nc,nc
2020-11-16T05:34:45.285Z,-34.3339,-72.6262,10,4.5,mwr,,151,0.885,0.59,us,us7000cfj8,2020-11-16T13:03:20.040Z,"112 km N of Constitución, Chile",earthquake,4.3,1.9,,,reviewed,us,guc
2020-11-16T05:32:01.640Z,38.171,-117.7445,9.1,1.9,ml,25,101.24,0.047,0.08,nn,nn00784492,2020-11-16T05:50:21.556Z,"40 km SE of Mina, Nevada",earthquake,,1.2,,,automatic,nn,nn
2020-11-16T05:25:20.750Z,38.193,-117.7452,5.8,1,ml,10,132.69,0.067,0.1,nn,nn00784491,2020-11-16T05:33:18.630Z,"38 km SE of Mina, Nevada",earthquake,,11.9,,,automatic,nn,nn
2020-11-16T05:20:03.280Z,36.0498,-115.3093,0.7,1.4,ml,12,340.27,0.896,0.1,nn,nn00784490,2020-11-16T05:27:19.335Z,"6 km WNW of Enterprise, Nevada",earthquake,,8.6,,,automatic,nn,nn
2020-11-16T05:17:16.600Z,38.1957,-117.7533,12.1,0.5,ml,10,150.13,0.044,0.02,nn,nn00784489,2020-11-16T05:21:18.828Z,"37 km SE of Mina, Nevada",earthquake,,7.8,,,automatic,nn,nn
2020-11-16T05:13:25.001Z,59.8533,-141.8055,0,2.1,ml,,,,0.97,ak,ak020eqykerw,2020-11-16T05:28:33.973Z,"121 km WNW of Yakutat, Alaska",earthquake,,0.2,,,automatic,ak,ak
2020-11-16T05:09:52.381Z,38.1571,-117.9377,9.8,2.1,ml,29,57.75,0.025,0.1235,nn,nn00784485,2020-11-16T17:03:48.653Z,"29 km SSE of Mina, Nevada",earthquake,,0.6,0.22,14,reviewed,nn,nn
2020-11-16T05:05:59.460Z,38.1862,-117.7657,12.2,0.9,ml,13,175.52,0.033,0.12,nn,nn00784484,2020-11-16T05:10:39.290Z,"37 km SE of Mina, Nevada",earthquake,,1.6,,,automatic,nn,nn
2020-11-16T05:01:30.266Z,44.3434,-115.0213,16.77,2.6,ml,,62,0.895,0.51,us,us7000cfiz,2020-11-16T05:09:37.040Z,"15 km NNW of Stanley, Idaho",earthquake,2.3,10,0.059,38,reviewed,us,us
2020-11-16T04:53:54.631Z,38.1845,-117.7527,10.6,2.4,ml,30,59.92,0.043,0.1166,nn,nn00784480,2020-11-16T15:22:04.729Z,"38 km SE of Mina, Nevada",earthquake,,0.6,0.22,14,reviewed,nn,nn
2020-11-16T04:49:52.500Z,38.1832,-117.771,10.3,0.8,ml,14,92.86,0.063,0.12,nn,nn00784478,2020-11-16T04:54:59.436Z,"37 km SE of Mina, Nevada",earthquake,,4.2,,,automatic,nn,nn
2020-11-16T04:43:08.432Z,38.1894,-117.7482,10.6,3.6,ml,37,58.02,0.038,0.149,nn,nn00784475,2020-11-16T08:08:57.427Z,"38 km SE of Mina, Nevada",earthquake,,0.6,0.36,18,reviewed,nn,nn
2020-11-16T04:21:27.620Z,17.9201,-66.8603,16,2.41,md,18,214,0.0582,0.11,pr,pr2020321001,2020-11-16T05:35:46.107Z,"7 km SSE of Maria Antonia, Puerto Rico",earthquake,0.7,0.54,0.14,10,reviewed,pr,pr
2020-11-16T04:19:10.580Z,19.3959999084473,-154.950164794922,0.509999990463257,2.27,ml,41,210,,0.370000005,hv,hv72231132,2020-11-16T04:24:40.610Z,"8 km SSW of Leilani Estates, Hawaii",earthquake,0.89,0.370000005,0.2,16,automatic,hv,hv
2020-11-16T04:14:52.680Z,38.1465,-118.0062,5.6,0.4,ml,9,130.92,0.032,0.04,nn,nn00784472,2020-11-16T04:37:58.677Z,"28 km SSE of Mina, Nevada",earthquake,,4.2,,,automatic,nn,nn
2020-11-16T04:07:11.270Z,37.636,-116.7398,16.1,2,ml,9,198.48,0.406,0.1,nn,nn00784468,2020-11-16T04:15:38.535Z,"44 km E of Goldfield, Nevada",earthquake,,10.4,,,automatic,nn,nn
2020-11-16T04:04:10.200Z,38.1937,-117.7455,12.4,1.4,ml,20,122.88,0.119,0.08,nn,nn00784466,2020-11-16T04:09:00.139Z,"38 km SE of Mina, Nevada",earthquake,,1.1,,,automatic,nn,nn
2020-11-16T04:02:21.060Z,38.1738,-117.7205,0.9,0.9,ml,13,104.57,0.066,0.04,nn,nn00784464,2020-11-16T04:05:59.733Z,"41 km SE of Mina, Nevada",earthquake,,7.4,,,automatic,nn,nn
2020-11-16T03:54:04.970Z,35.9411667,-117.6678333,5.19,0.46,ml,9,90,0.01568,0.06,ci,ci39466783,2020-11-16T03:57:38.812Z,"22km E of Little Lake, CA",earthquake,0.38,0.37,0.201,7,automatic,ci,ci
2020-11-16T03:53:20.240Z,44.3591,-115.0211,15.85,2.5,ml,,61,0.909,0.6,us,us7000cfif,2020-11-16T04:15:44.040Z,"17 km NNW of Stanley, Idaho",earthquake,2.1,10.3,0.062,34,reviewed,us,us
2020-11-16T03:49:55.030Z,38.1467,-117.987,13.9,1.5,ml,21,76.97,0.033,0.12,nn,nn00784459,2020-11-16T03:54:39.825Z,"29 km SSE of Mina, Nevada",earthquake,,0.6,,,automatic,nn,nn
2020-11-16T03:39:55.000Z,38.8271675,-122.8143311,2.15,0.57,md,13,92,0.005025,0.02,nc,nc73482731,2020-11-16T04:56:06.360Z,"8km NW of The Geysers, CA",earthquake,0.3,0.67,0.01,2,automatic,nc,nc
2020-11-16T03:36:02.950Z,38.2097,-117.775,0,0.6,ml,11,178.19,0.037,0.13,nn,nn00784457,2020-11-16T03:39:38.803Z,"35 km SE of Mina, Nevada",earthquake,,10.2,,,automatic,nn,nn
2020-11-16T03:33:28.560Z,38.1493,-117.8718,5.3,1.4,ml,14,127.04,0.006,0.07,nn,nn00784455,2020-11-16T03:37:59.384Z,"33 km SE of Mina, Nevada",earthquake,,0.3,,,automatic,nn,nn
2020-11-16T03:29:59.530Z,38.1842,-117.7392,12.5,2,ml,27,89.47,0.06,0.07,nn,nn00784453,2020-11-16T03:34:21.278Z,"39 km SE of Mina, Nevada",earthquake,,1,,,automatic,nn,nn
2020-11-16T03:27:53.960Z,38.8294983,-122.8130035,2.04,0.79,md,17,43,0.00651,0.02,nc,nc73482726,2020-11-16T04:30:04.161Z,"8km NW of The Geysers, CA",earthquake,0.24,0.43,0.09,3,automatic,nc,nc
2020-11-16T03:24:40.511Z,66.3335,-157.4736,0,2.5,ml,,,,0.96,ak,ak020eqxfxni,2020-11-16T03:37:41.589Z,"63 km SSW of Shungnak, Alaska",earthquake,,0.4,,,automatic,ak,ak
2020-11-16T03:13:35.590Z,38.828167,-122.8153305,2.3,0.96,md,23,43,0.00629,0.02,nc,nc73482721,2020-11-16T04:05:05.037Z,"8km NW of The Geysers, CA",earthquake,0.2,0.42,0.26,4,automatic,nc,nc
2020-11-16T03:10:56.770Z,38.1237,-118.0023,10.2,1.5,ml,13,145.89,0.039,0.04,nn,nn00784451,2020-11-16T03:31:06.677Z,"31 km SSE of Mina, Nevada",earthquake,,1.3,,,automatic,nn,nn
2020-11-16T03:10:33.790Z,38.1285,-117.8732,1.6,1.5,ml,13,77.84,0.009,0.18,nn,nn00784450,2020-11-16T03:30:59.481Z,"35 km SE of Mina, Nevada",earthquake,,1.9,,,automatic,nn,nn
2020-11-16T03:07:14.020Z,38.8283348,-122.8138351,2.24,2.3,md,48,43,,0.06,nc,nc73482716,2020-11-16T03:40:06.878Z,"8km NW of The Geysers, CA",earthquake,0.16,0.24,0.14,31,automatic,nc,nc
2020-11-16T03:06:31.580Z,19.4126663208008,-155.279327392578,1.62999999523163,2.30999994,md,11,53,,0.209999993,hv,hv72231047,2020-11-16T03:09:49.070Z,"5 km SW of Volcano, Hawaii",earthquake,0.42,0.680000007,0.00999999978,5,automatic,hv,hv
2020-11-16T03:05:41.757Z,57.6241,-154.9437,24.3,1.9,ml,,,,0.15,ak,ak020eqxbv4r,2020-11-16T03:16:18.580Z,"29 km WNW of Karluk, Alaska",earthquake,,2.6,,,automatic,ak,ak
2020-11-16T02:56:10.230Z,38.1565,-117.8018,6.5,1.7,ml,24,62.85,0.054,0.16,nn,nn00784447,2020-11-16T03:11:40.772Z,"37 km SE of Mina, Nevada",earthquake,,0.6,,,automatic,nn,nn
2020-11-16T02:51:47.530Z,38.159,-117.8923,7,1,ml,12,102.23,0.004,0.06,nn,nn00784445,2020-11-16T02:56:39.215Z,"31 km SE of Mina, Nevada",earthquake,,7.3,,,automatic,nn,nn
2020-11-16T02:30:34.470Z,38.179,-117.868,5.7,1.5,ml,12,103.99,0.01,0.18,nn,nn00784442,2020-11-16T02:52:59.931Z,"31 km SE of Mina, Nevada",earthquake,,1.6,,,automatic,nn,nn
2020-11-16T02:27:39.039Z,60.6877,-147.1626,19.6,1.8,ml,,,,1.01,ak,ak020eqwv52v,2020-11-16T03:09:27.506Z,"32 km SW of Tatitlek, Alaska",earthquake,,0.2,,,automatic,ak,ak
2020-11-16T02:27:20.660Z,38.1712,-117.8608,6,1.9,ml,32,71.16,0.019,0.1,nn,nn00784437,2020-11-16T02:31:42.657Z,"32 km SE of Mina, Nevada",earthquake,,0.3,,,automatic,nn,nn
2020-11-16T02:23:29.889Z,44.3282,-115.0084,10,2.6,ml,,63,0.877,0.76,us,us7000cfhx,2020-11-16T02:43:37.040Z,"13 km NNW of Stanley, Idaho",earthquake,1.7,2,0.057,40,reviewed,us,us
2020-11-16T02:21:54.230Z,38.1618,-117.8517,6.1,1.1,ml,13,102.56,0.009,0.21,nn,nn00784434,2020-11-16T02:25:42.291Z,"33 km SE of Mina, Nevada",earthquake,,0.7,,,automatic,nn,nn
2020-11-16T02:21:31.308Z,62.044,-152.0051,102.6,1.7,ml,,,,0.73,ak,ak020eqwtu64,2020-11-16T02:26:12.272Z,"32 km W of Skwentna, Alaska",earthquake,,0.8,,,automatic,ak,ak
2020-11-16T01:44:16.539Z,36.74516667,-98.035,7.93,1.47,ml,62,85,0.08098410816,0.26,ok,ok2020wmuk,2020-11-16T14:24:14.627Z,"8 km N of Nash, Oklahoma",earthquake,,0.6,0.21,25,reviewed,ok,ok
2020-11-16T01:38:14.640Z,38.1655,-117.8638,5.6,0.8,ml,12,184.6,0.021,0.11,nn,nn00784427,2020-11-16T01:43:55.854Z,"32 km SE of Mina, Nevada",earthquake,,0.5,,,automatic,nn,nn
2020-11-16T01:35:18.320Z,38.2315,-117.7427,0.7,1.2,ml,13,115.34,0.069,0.41,nn,nn00784422,2020-11-16T01:39:15.504Z,"36 km ESE of Mina, Nevada",earthquake,,32.5,,,automatic,nn,nn
2020-11-16T01:28:57.590Z,38.1552,-117.9322,11.3,1.4,ml,17,70.77,0.021,0.07,nn,nn00784418,2020-11-16T01:33:55.639Z,"30 km SSE of Mina, Nevada",earthquake,,0.5,,,automatic,nn,nn
2020-11-16T01:21:42.040Z,19.3601666666667,-155.11,7.42,3.01,ml,29,173,,0.12,hv,hv72230907,2020-11-16T09:27:52.000Z,"11 km SSE of Fern Forest, Hawaii",earthquake,0.53,0.46,0.134859038667362,35,reviewed,hv,hv
2020-11-16T01:15:36.546Z,60.561,-152.4425,104.7,1.8,ml,,,,0.75,ak,ak020eqw74oo,2020-11-16T02:24:31.824Z,"61 km W of Salamatof, Alaska",earthquake,,1.1,,,automatic,ak,ak
2020-11-16T01:14:59.890Z,38.8346672,-122.7994995,2.05,0.96,md,23,57,0.008068,0.03,nc,nc73482701,2020-11-16T01:30:06.057Z,"7km WNW of Cobb, CA",earthquake,0.21,0.44,0.15,3,automatic,nc,nc
2020-11-16T01:07:38.300Z,38.1192,-117.4885,5.3,0.6,ml,9,116.08,0.036,0.14,nn,nn00784414,2020-11-16T01:11:15.003Z,"23 km WNW of Tonopah, Nevada",earthquake,,13.8,,,automatic,nn,nn
2020-11-16T01:05:12.140Z,38.1527,-117.9367,11.9,1.5,ml,14,98.52,0.018,0.09,nn,nn00784412,2020-11-16T01:09:15.430Z,"30 km SSE of Mina, Nevada",earthquake,,0.5,,,automatic,nn,nn
2020-11-16T01:02:28.015Z,38.1656,-117.8459,8,1.5,ml,24,93.86,0.02,0.1506,nn,nn00784408,2020-11-16T01:25:45.993Z,"33 km SE of Mina, Nevada",earthquake,,0.7,0.2,9,reviewed,nn,nn
2020-11-16T01:02:18.090Z,35.9275,-117.6703333,2.14,0.88,ml,12,100,0.02601,0.12,ci,ci39466743,2020-11-16T01:05:50.023Z,"21km E of Little Lake, CA",earthquake,0.22,0.3,0.114,12,automatic,ci,ci
2020-11-16T00:59:37.230Z,38.0978,-118.2107,7,1.7,ml,12,100.15,0.218,0.09,nn,nn00784406,2020-11-16T01:03:22.535Z,"33 km SSW of Mina, Nevada",earthquake,,10.9,,,automatic,nn,nn
2020-11-16T00:59:30.700Z,38.1662,-117.8858,4.9,1,ml,9,114.84,0.01,0.1,nn,nn00784405,2020-11-16T01:03:15.027Z,"31 km SE of Mina, Nevada",earthquake,,0.6,,,automatic,nn,nn
2020-11-16T00:58:36.860Z,34.0318336,-116.8379974,29.56,0.93,ml,22,97,0.02531,0.22,ci,ci39466735,2020-11-16T01:02:14.569Z,"12km NNE of Banning, CA",earthquake,0.54,0.35,0.417,7,automatic,ci,ci
2020-11-16T00:54:17.230Z,38.153,-117.9098,7.9,0.6,ml,8,235.41,0.004,0.18,nn,nn00784402,2020-11-16T00:59:34.785Z,"31 km SSE of Mina, Nevada",earthquake,,12.3,,,automatic,nn,nn
2020-11-16T00:52:56.620Z,35.9368333,-117.7136667,2.03,0.83,ml,15,64,0.05253,0.19,ci,ci39466727,2020-11-16T00:56:39.118Z,"17km E of Little Lake, CA",earthquake,0.28,0.41,0.184,13,automatic,ci,ci
2020-11-16T00:51:53.544Z,38.163,-117.8693,5,2.2,ml,30,48.09,0.002,0.1375,nn,nn00784399,2020-11-16T02:59:26.781Z,"32 km SE of Mina, Nevada",earthquake,,0.6,0.28,15,reviewed,nn,nn
2020-11-16T00:48:28.030Z,38.1667,-117.8609,4.1,2.1,ml,28,48.24,0.01,0.1211,nn,nn00784394,2020-11-16T01:35:03.327Z,"32 km SE of Mina, Nevada",earthquake,,0.6,0.36,12,reviewed,nn,nn
2020-11-16T00:46:39.276Z,38.1669,-117.8617,4.4,3,ml,29,37.41,0.009,0.1176,nn,nn00784390,2020-11-16T01:38:04.147Z,"32 km SE of Mina, Nevada",earthquake,,0.6,0.3,13,reviewed,nn,nn
2020-11-16T00:43:44.070Z,35.937,-117.714,2.08,1.14,ml,15,63,0.05276,0.15,ci,ci39466711,2020-11-16T00:47:33.080Z,"17km E of Little Lake, CA",earthquake,0.25,0.35,0.223,17,automatic,ci,ci
2020-11-16T00:31:23.097Z,66.3084,-157.4502,0,2,ml,,,,0.81,ak,ak020eqvp3iq,2020-11-16T00:45:50.952Z,"66 km SSW of Shungnak, Alaska",earthquake,,0.4,,,automatic,ak,ak
2020-11-16T00:30:19.170Z,38.156,-117.8568,7.4,0.9,ml,13,110.2,0.014,0.09,nn,nn00784387,2020-11-16T00:47:35.234Z,"34 km SE of Mina, Nevada",earthquake,,0.8,,,automatic,nn,nn
2020-11-16T00:28:04.247Z,-5.9008,130.8801,115,4.4,mb,,141,3.261,0.91,us,us7000cfh8,2020-11-16T00:50:30.040Z,"209 km W of Tual, Indonesia",earthquake,7.9,11.2,0.179,9,reviewed,us,us
2020-11-16T00:27:09.860Z,38.144,-117.9523,9.1,0.7,ml,10,109.61,0.052,0.03,nn,nn00784385,2020-11-16T00:31:14.888Z,"30 km SSE of Mina, Nevada",earthquake,,6.3,,,automatic,nn,nn
2020-11-16T00:24:11.450Z,62.5171,-149.8886,55.1,1.9,ml,,,,0.82,ak,ak020eqvnkl5,2020-11-16T00:36:29.047Z,"13 km NE of Chase, Alaska",earthquake,,0.5,,,automatic,ak,ak
2020-11-16T00:23:57.800Z,39.4508324,-123.2955017,6.66,2.05,md,16,94,0.03722,0.07,nc,nc73482681,2020-11-16T01:24:06.028Z,"7km NE of Willits, CA",earthquake,0.33,0.66,0.17,13,automatic,nc,nc
2020-11-16T00:22:24.720Z,38.157,-117.9312,11.4,1.4,ml,15,73.55,0.03,0.09,nn,nn00784383,2020-11-16T00:28:35.420Z,"30 km SSE of Mina, Nevada",earthquake,,0.4,,,automatic,nn,nn
2020-11-16T00:12:17.210Z,17.5566,-64.1376,34,3.57,md,9,348,1.8085,0.33,pr,pr2020321000,2020-11-16T01:26:54.501Z,"67 km ESE of Saint Croix, U.S. Virgin Islands",earthquake,8.6,23,0.12,4,reviewed,pr,pr
2020-11-16T00:05:20.793Z,65.0108,-147.4899,0,1.5,ml,,,,1.12,ak,ak020eqvjiqz,2020-11-16T00:14:45.740Z,"8 km NE of Fox, Alaska",earthquake,,0.4,,,automatic,ak,ak
2020-11-16T00:03:44.957Z,67.3246,-164.2472,0.1,1.8,ml,,,,0.65,ak,ak020eqvj54c,2020-11-16T00:40:19.740Z,"46 km SSE of Kivalina, Alaska",earthquake,,0.7,,,reviewed,ak,ak
2020-11-16T00:00:13.850Z,38.1535,-117.9367,11,1.3,ml,12,170.86,0.009,0.09,nn,nn00784382,2020-11-16T00:23:34.808Z,"30 km SSE of Mina, Nevada",earthquake,,0.7,,,automatic,nn,nn
2020-11-15T23:56:09.610Z,38.8305016,-122.757164,1.23,0.4,md,7,156,0.009958,0.02,nc,nc73482676,2020-11-16T01:09:06.948Z,"3km WNW of Cobb, CA",earthquake,0.51,0.73,0.17,2,automatic,nc,nc
2020-11-15T23:48:10.770Z,38.8238335,-122.7959976,2.33,0.91,md,26,35,0.011,0.03,nc,nc73482666,2020-11-16T00:44:03.800Z,"6km NNW of The Geysers, CA",earthquake,0.21,0.41,0.09,5,automatic,nc,nc
2020-11-15T23:22:07.240Z,35.6103333,-117.4056667,8.97,1.53,ml,22,110,0.09156,0.16,ci,ci39466671,2020-11-16T15:02:34.506Z,"17km S of Trona, CA",earthquake,0.41,0.99,0.17,21,reviewed,ci,ci
2020-11-15T23:21:26.550Z,35.9738333,-117.6691667,2.8,1.15,ml,15,89,0.03003,0.18,ci,ci39466663,2020-11-16T15:02:54.660Z,"22km E of Little Lake, CA",earthquake,0.41,0.5,0.17,15,reviewed,ci,ci
2020-11-15T23:21:11.146Z,44.3445,-115.0218,10,2.6,ml,,62,0.896,1.45,us,us7000cfgj,2020-11-16T15:23:16.422Z,"15 km NNW of Stanley, Idaho",earthquake,1.3,2,0.081,20,reviewed,us,us
2020-11-15T23:19:09.930Z,35.9731667,-117.6701667,2.49,0.89,ml,12,87,0.02989,0.12,ci,ci39466647,2020-11-15T23:22:41.209Z,"22km E of Little Lake, CA",earthquake,0.32,0.27,0.131,10,automatic,ci,ci
2020-11-15T23:19:03.503Z,-24.3285,-67.4556,198.96,4.8,mb,,71,1.522,0.68,us,us7000cfg3,2020-11-15T23:34:12.040Z,"116 km W of San Antonio de los Cobres, Argentina",earthquake,8.1,13,0.278,4,reviewed,us,us
2020-11-15T23:17:24.296Z,44.3169,-115.0524,10,3.6,ml,,64,0.884,1.27,us,us7000cfg1,2020-11-16T01:19:10.509Z,"14 km NW of Stanley, Idaho",earthquake,1.8,2,0.033,124,reviewed,us,us
2020-11-15T23:16:52.498Z,38.1616,-117.8705,5.2,2.2,ml,27,56.62,0.001,0.1179,nn,nn00784375,2020-11-16T02:28:34.780Z,"32 km SE of Mina, Nevada",earthquake,,0.6,0.34,11,reviewed,nn,nn
2020-11-15T23:05:50.860Z,38.1408,-117.9398,9.3,1.5,ml,13,79.32,0.017,0.03,nn,nn00784373,2020-11-15T23:18:00.313Z,"31 km SSE of Mina, Nevada",earthquake,,0.7,,,automatic,nn,nn
2020-11-15T22:58:44.340Z,63.3805,-149.7667,5.9,1.4,ml,,,,0.68,ak,ak020eplf49y,2020-11-15T23:08:08.182Z,"40 km W of Cantwell, Alaska",earthquake,,0.6,,,automatic,ak,ak
2020-11-15T22:53:25.810Z,38.7926674,-122.7978363,3.11,0.79,md,12,65,0.00596,0.03,nc,nc73482636,2020-11-15T23:53:04.500Z,"4km WNW of The Geysers, CA",earthquake,0.3,0.73,0.09,3,automatic,nc,nc
2020-11-15T22:51:51.950Z,38.7926674,-122.7969971,3.14,2.18,md,47,63,0.006428,0.06,nc,nc73482631,2020-11-15T23:28:05.341Z,"4km WNW of The Geysers, CA",earthquake,0.18,0.26,0.09,28,automatic,nc,nc
2020-11-15T22:49:22.480Z,19.2876663208008,-155.643005371094,45.25,2.35,ml,18,265,,0.150000006,hv,hv72230802,2020-11-15T22:54:53.400Z,"19 km WNW of Pāhala, Hawaii",earthquake,4.94,12.5299997,0.3,4,automatic,hv,hv
2020-11-15T22:42:40.100Z,36.543499,-121.1261673,3.72,1.6,md,11,122,0.05538,0.11,nc,nc73482626,2020-11-15T23:13:05.247Z,"2km NE of Pinnacles, CA",earthquake,0.43,2.22,0.24,9,automatic,nc,nc
2020-11-15T22:39:23.258Z,63.108,-149.0471,67.4,2.1,ml,,,,0.51,ak,ak020eplb010,2020-11-15T22:52:05.963Z,"31 km S of Cantwell, Alaska",earthquake,,0.6,,,automatic,ak,ak
2020-11-15T22:37:43.739Z,8.7425,126.2805,44.51,6,mww,,33,1.801,1.02,us,us7000cfes,2020-11-16T16:31:52.985Z,"7 km SSW of Marihatag, Philippines",earthquake,7.5,3.7,0.04,60,reviewed,us,us
2020-11-15T22:37:14.185Z,44.3371,-115.03,10,3.3,ml,,62,0.893,0.78,us,us7000cfem,2020-11-16T04:34:23.040Z,"15 km NNW of Stanley, Idaho",earthquake,2.1,2,0.036,104,reviewed,us,us
2020-11-15T22:34:50.138Z,59.9569,-154.1727,189.2,2.4,ml,,,,0.76,ak,ak020epla068,2020-11-15T22:45:24.501Z,"19 km N of Pedro Bay, Alaska",earthquake,,1.3,,,automatic,ak,ak
2020-11-15T22:29:08.740Z,19.1720008850098,-155.459838867188,33.0099983215332,1.74000001,md,35,206,,0.119999997,hv,hv72230777,2020-11-15T22:32:19.890Z,"3 km SSE of Pāhala, Hawaii",earthquake,1.04,0.889999986,1.74000001,4,automatic,hv,hv
2020-11-15T22:22:50.010Z,37.63,-118.9738333,4.92,0.15,md,6,125,0.01704,0.05,nc,nc73482621,2020-11-16T02:30:04.431Z,"1km SSE of Mammoth Lakes, CA",earthquake,0.48,0.54,0.093,4,reviewed,nc,nc
2020-11-15T22:22:44.600Z,44.336,-115.0229,10,3.5,ml,,62,0.889,0.55,us,us7000cfef,2020-11-16T04:48:14.490Z,"14 km NNW of Stanley, Idaho",earthquake,1.1,2,0.033,120,reviewed,us,us
2020-11-15T22:11:44.210Z,38.1785,-117.8643,11.2,0.7,ml,11,111.18,0.011,0.02,nn,nn00784364,2020-11-15T22:16:57.974Z,"31 km SE of Mina, Nevada",earthquake,,0.7,,,automatic,nn,nn
2020-11-15T22:00:46.410Z,38.1888,-117.6618,1.1,1,ml,11,171.66,0.062,0.45,nn,nn00784363,2020-11-15T22:13:17.689Z,"40 km WNW of Tonopah, Nevada",earthquake,,36.5,,,automatic,nn,nn
2020-11-15T21:59:26.340Z,36.053,-117.5336667,5.6,0.84,ml,13,111,0.03653,0.18,ci,ci39466607,2020-11-15T22:03:01.696Z,"34km NNW of Searles Valley, CA",earthquake,0.67,1.33,0.153,7,automatic,ci,ci
2020-11-15T21:54:47.401Z,-28.0254,-65.9637,31.24,4.2,mb,,134,3.052,0.69,us,us7000cfe5,2020-11-16T05:29:42.040Z,"13 km SW of Los Varela, Argentina",earthquake,9.9,9.1,0.235,5,reviewed,us,us
2020-11-15T21:47:53.540Z,35.9831667,-117.6568333,3.32,0.95,ml,13,213,0.03558,0.1,ci,ci39466599,2020-11-16T15:04:42.321Z,"23km ENE of Little Lake, CA",earthquake,0.81,0.44,0.126,12,reviewed,ci,ci
2020-11-15T21:46:36.070Z,38.1635,-117.8472,6.6,0.9,ml,11,107.12,0.026,0.09,nn,nn00784360,2020-11-15T21:55:58.010Z,"34 km SE of Mina, Nevada",earthquake,,0.5,,,automatic,nn,nn
2020-11-15T21:36:42.307Z,44.3105,-115.0182,10,3.1,ml,,64,0.866,0.57,us,us7000cfe1,2020-11-16T05:26:13.040Z,"12 km NNW of Stanley, Idaho",earthquake,1.9,2,0.04,84,reviewed,us,us
2020-11-15T21:34:23.750Z,38.1563,-117.908,5.3,1.1,ml,10,90.55,0.02,0.05,nn,nn00784358,2020-11-15T21:47:58.649Z,"31 km SE of Mina, Nevada",earthquake,,0.6,,,automatic,nn,nn
2020-11-15T21:20:56.330Z,19.1599998474121,-155.450500488281,36.1599998474121,1.96000004,md,41,211,,0.119999997,hv,hv72230682,2020-11-15T21:24:10.370Z,"5 km SSE of Pāhala, Hawaii",earthquake,0.78,0.980000019,0.980000019,3,automatic,hv,hv
2020-11-15T21:18:31.030Z,37.288,-117.8457,1,1.1,ml,21,204.6,0.187,0.29,nn,nn00784354,2020-11-15T21:35:40.923Z,"41 km ENE of Big Pine, California",earthquake,,13,,,automatic,nn,nn
2020-11-15T21:15:10.810Z,19.4011669158936,-155.26416015625,0.899999976158142,1.83,ml,14,121,,0.349999994,hv,hv72230677,2020-11-15T21:20:41.310Z,"5 km SW of Volcano, Hawaii",earthquake,0.41,0.639999986,0.39,11,automatic,hv,hv
2020-11-15T21:14:21.393Z,54.5496,-159.7617,35,4.3,mwr,,174,0.299,0.97,us,us7000cfdp,2020-11-16T05:16:55.993Z,"99 km SSE of Sand Point, Alaska",earthquake,5.2,2,0.049,40,reviewed,us,us
2020-11-15T21:10:04.450Z,38.1713,-117.883,3.7,0.8,ml,10,102.23,0.011,0.09,nn,nn00784353,2020-11-15T21:19:57.505Z,"31 km SE of Mina, Nevada",earthquake,,7.9,,,automatic,nn,nn
2020-11-15T21:07:20.690Z,44.3574,-115.0049,10,2.9,ml,,61,0.902,0.91,us,us7000cfdm,2020-11-16T00:35:32.154Z,"16 km NNW of Stanley, Idaho",earthquake,1.4,2,0.048,58,reviewed,us,us
2020-11-15T20:49:54.220Z,18.1605,-67.3958,10,3.31,md,15,225,0.239,0.29,pr,pr2020320002,2020-11-16T04:52:16.787Z,"23 km SW of Stella, Puerto Rico",earthquake,2.88,1.77,0.08,15,reviewed,pr,pr
2020-11-15T20:48:48.720Z,38.2342,-117.6843,1.4,1.1,ml,16,193.05,0.035,0.18,nn,nn00784350,2020-11-15T21:02:58.821Z,"40 km ESE of Mina, Nevada",earthquake,,13.3,,,automatic,nn,nn
2020-11-15T20:48:23.672Z,44.3337,-115.02,14.34,4.1,mwr,,63,0.886,0.47,us,us7000cfdd,2020-11-16T16:55:12.040Z,"14 km NNW of Stanley, Idaho",earthquake,2.3,10.1,0.037,70,reviewed,us,us
2020-11-15T20:43:41.570Z,38.1647,-117.881,11.3,1.2,ml,14,108,0.008,0.05,nn,nn00784347,2020-11-15T20:49:59.377Z,"32 km SE of Mina, Nevada",earthquake,,0.6,,,automatic,nn,nn
2020-11-15T20:12:29.678Z,44.3348,-115.0157,10,2.6,ml,,79,0.886,0.88,us,us7000cfd5,2020-11-15T21:29:44.040Z,"14 km NNW of Stanley, Idaho",earthquake,2.5,2,0.091,16,reviewed,us,us
2020-11-15T20:10:42.220Z,38.1712,-117.9793,2.9,0.7,ml,10,97.8,0.027,0.03,nn,nn00784345,2020-11-15T20:16:17.529Z,"26 km SSE of Mina, Nevada",earthquake,,1.4,,,automatic,nn,nn
2020-11-15T20:02:50.759Z,67.1458,-146.0552,12.4,1.7,ml,,,,0.72,ak,ak020epjw9g1,2020-11-15T20:15:08.374Z,"21 km NE of Venetie, Alaska",earthquake,,0.4,,,automatic,ak,ak
2020-11-15T20:00:42.828Z,44.3438,-115.0114,10,2.6,ml,,102,0.892,1.04,us,us7000cfcx,2020-11-15T21:24:43.040Z,"15 km NNW of Stanley, Idaho",earthquake,2.4,2,0.091,16,reviewed,us,us
2020-11-15T19:51:53.850Z,36.980999,-121.6303329,7.2,1.97,md,25,52,0.04641,0.14,nc,nc73482601,2020-11-15T21:42:04.754Z,"6km WSW of Gilroy, CA",earthquake,0.29,0.66,0.24,26,automatic,nc,nc
2020-11-15T19:51:45.930Z,34.0373333,-117.546,10.32,1.42,ml,43,68,0.03513,0.17,ci,ci39466535,2020-11-16T15:05:32.320Z,"6km NNW of Mira Loma, CA",earthquake,0.26,0.5,0.167,25,reviewed,ci,ci
2020-11-15T19:46:43.007Z,38.1737,-117.7834,10.5,2,ml,30,67.12,0.061,0.151,nn,nn00784338,2020-11-16T02:28:32.521Z,"37 km SE of Mina, Nevada",earthquake,,0.7,0.3,14,reviewed,nn,nn
2020-11-15T19:35:00.270Z,19.1809997558594,-155.459335327148,30.8500003814697,2.05,ml,48,121,,0.100000001,hv,hv72230557,2020-11-15T19:40:31.390Z,"3 km SE of Pāhala, Hawaii",earthquake,0.5,0.75,0.13,3,automatic,hv,hv
2020-11-15T19:34:10.128Z,63.799,-147.8831,87.9,1.3,ml,,,,0.5,ak,ak020epjhlnj,2020-11-15T19:38:24.261Z,"51 km E of McKinley Park, Alaska",earthquake,,1.3,,,automatic,ak,ak
2020-11-15T19:09:40.750Z,38.142,-117.8652,4.6,1.3,ml,12,135.88,0.007,0.07,nn,nn00784332,2020-11-15T19:17:58.865Z,"34 km SE of Mina, Nevada",earthquake,,0.5,,,automatic,nn,nn
2020-11-15T19:08:00.600Z,36.6463318,-121.2549973,2.71,2.28,md,24,136,0.05886,0.08,nc,nc73482586,2020-11-15T20:51:06.475Z,"16km NW of Pinnacles, CA",earthquake,0.32,1.34,0.18,27,automatic,nc,nc
2020-11-15T18:58:34.750Z,35.8941667,-117.7401667,7.01,0.87,ml,16,71,0.08364,0.1,ci,ci39466511,2020-11-16T15:05:32.802Z,"16km ESE of Little Lake, CA",earthquake,0.25,0.73,0.189,15,reviewed,ci,ci
2020-11-15T18:47:26.210Z,19.2014999389648,-155.449005126953,35.7099990844727,1.88999999,md,42,127,,0.119999997,hv,hv72230502,2020-11-15T18:50:34.300Z,"3 km E of Pāhala, Hawaii",earthquake,0.7,0.870000005,0.939999998,3,automatic,hv,hv
2020-11-15T18:41:09.190Z,38.1892,-117.7478,10.7,1.2,ml,19,117.84,0.042,0.05,nn,nn00784329,2020-11-15T19:10:38.911Z,"38 km SE of Mina, Nevada",earthquake,,1.5,,,automatic,nn,nn
2020-11-15T18:39:30.060Z,35.8611667,-117.668,9.91,0.47,ml,7,119,0.07304,0.03,ci,ci39466503,2020-11-16T15:06:07.683Z,"23km ESE of Little Lake, CA",earthquake,0.33,0.69,0.166,5,reviewed,ci,ci
2020-11-15T18:39:21.880Z,38.171,-117.8395,10.4,1.7,ml,21,72.46,0.056,0.09,nn,nn00784326,2020-11-15T18:42:39.934Z,"33 km SE of Mina, Nevada",earthquake,,0.6,,,automatic,nn,nn
2020-11-15T18:36:14.880Z,32.9198333,-116.2651667,0.9,1.07,ml,22,110,0.04727,0.24,ci,ci39466495,2020-11-15T18:39:51.355Z,"27km ENE of Pine Valley, CA",earthquake,0.48,1.01,0.189,15,automatic,ci,ci
2020-11-15T18:33:55.780Z,60.5389,-152.6272,9.1,0.7,ml,,,,0.13,ak,ak020epivxx0,2020-11-15T18:48:38.297Z,"72 km W of Salamatof, Alaska",earthquake,,0.6,,,reviewed,ak,ak
2020-11-15T18:24:46.830Z,38.1677,-118.0108,0,1.3,ml,10,200.03,0.031,0.31,nn,nn00784324,2020-11-15T18:40:37.882Z,"26 km SSE of Mina, Nevada",earthquake,,2.6,,,automatic,nn,nn
2020-11-15T18:22:30.500Z,32.9255,-116.2591667,4.8,1.06,ml,21,103,0.04716,0.18,ci,ci39466487,2020-11-16T15:06:31.977Z,"27km SSW of Ocotillo Wells, CA",earthquake,0.35,0.62,0.176,22,reviewed,ci,ci
2020-11-15T18:16:18.380Z,32.92,-116.2633333,3.18,1.29,ml,36,61,0.04821,0.24,ci,ci39466479,2020-11-15T18:27:29.290Z,"27km ENE of Pine Valley, CA",earthquake,0.35,0.59,0.132,27,automatic,ci,ci
2020-11-15T18:13:03.440Z,19.1613330841064,-155.463836669922,31.5599994659424,2.00999999,md,42,209,,0.119999997,hv,hv72230452,2020-11-15T18:16:21.590Z,"4 km SSE of Pāhala, Hawaii",earthquake,0.77,1.01999998,0.109999999,5,automatic,hv,hv
2020-11-15T18:06:46.870Z,36.5596667,-121.1426667,6.68,1.02,md,11,127,0.02837,0.07,nc,nc73482576,2020-11-16T11:47:05.828Z,"3km N of Pinnacles, CA",earthquake,0.47,1.33,0.258,8,reviewed,nc,nc
2020-11-15T18:02:46.860Z,38.2272,-117.7163,16.6,0.9,ml,12,153.2,0.025,0.06,nn,nn00784323,2020-11-15T18:26:19.366Z,"38 km ESE of Mina, Nevada",earthquake,,1.1,,,automatic,nn,nn
2020-11-15T17:51:04.707Z,54.2488,-159.6667,28.35,3.6,ml,,198,0.585,0.95,us,us7000cfch,2020-11-16T01:53:45.130Z,"132 km SSE of Sand Point, Alaska",earthquake,6.8,13.4,0.077,22,reviewed,us,us
2020-11-15T17:47:13.430Z,38.181,-117.8037,9.1,1.2,ml,19,75.38,0.044,0.08,nn,nn00784319,2020-11-15T17:56:58.649Z,"Nevada",earthquake,,1,,,automatic,nn,nn
2020-11-15T17:33:04.380Z,36.4707,-114.944,0.9,1.4,ml,11,191.41,0.165,0.35,nn,nn00784317,2020-11-15T17:40:17.821Z,"26 km NNE of Nellis Air Force Base, Nevada",earthquake,,22.1,,,automatic,nn,nn
2020-11-15T17:16:17.250Z,38.1015,-117.709,14.7,1.3,ml,13,105.42,0.006,0.16,nn,nn00784313,2020-11-15T17:28:57.405Z,"39 km N of Silver Peak, Nevada",earthquake,,4.8,,,automatic,nn,nn
